,route_name,stop_idx,eta,stop_number,target_uid,delivery,pickup,service_time,open_1,close_1
463,active-germain,199,2030-01-02 07:12:00,1,3803973848,16,7,8,2030-01-02 07:00:00,2030-01-02 20:00:00
464,active-germain,251,2030-01-02 07:14:00,2,9122380611,16,7,9,2030-01-02 07:00:00,2030-01-02 20:00:00
465,active-germain,140,2030-01-02 07:17:00,3,1711807593,16,7,8,2030-01-02 07:00:00,2030-01-02 20:00:00
466,active-germain,147,2030-01-02 07:19:00,4,2065157408,16,7,11,2030-01-02 07:00:00,2030-01-02 20:00:00
467,active-germain,148,2030-01-02 07:22:00,5,2065167226,16,7,11,2030-01-02 07:00:00,2030-01-02 20:00:00
468,active-germain,130,2030-01-02 07:26:00,6,1521570233,16,7,14,2030-01-02 07:00:00,2030-01-02 20:00:00
469,active-germain,128,2030-01-02 07:32:00,7,1509769787,16,7,8,2030-01-02 07:00:00,2030-01-02 20:00:00
470,active-germain,438,2030-01-02 07:37:00,8,324346439,16,7,8,2030-01-02 07:00:00,2030-01-02 20:00:00
471,active-germain,431,2030-01-02 07:40:00,9,313703366,16,7,11,2030-01-02 07:00:00,2030-01-02 20:00:00
472,active-germain,136,2030-01-02 07:43:00,10,1530024649,16,7,8,2030-01-02 07:00:00,2030-01-02 20:00:00
473,active-germain,310,2030-01-02 07:46:00,11,129924270,16,7,10,2030-01-02 07:00:00,2030-01-02 20:00:00
474,active-germain,134,2030-01-02 07:49:00,12,1529996763,16,7,9,2030-01-02 07:00:00,2030-01-02 20:00:00
475,active-germain,470,2030-01-02 07:54:00,13,655447232,16,7,10,2030-01-02 07:00:00,2030-01-02 20:00:00
476,active-germain,462,2030-01-02 07:57:00,14,554988456,16,7,10,2030-01-02 07:00:00,2030-01-02 20:00:00
477,active-germain,500,2030-01-02 08:01:00,15,912010119,16,7,12,2030-01-02 07:00:00,2030-01-02 20:00:00
478,active-germain,127,2030-01-02 08:03:00,16,1496777115,16,7,8,2030-01-02 07:00:00,2030-01-02 20:00:00
479,active-germain,501,2030-01-02 08:07:00,17,916905416,16,7,11,2030-01-02 07:00:00,2030-01-02 20:00:00
480,active-germain,44,2030-01-02 08:10:00,18,491319669,16,7,8,2030-01-02 07:00:00,2030-01-02 20:00:00
481,active-germain,280,2030-01-02 08:12:00,19,12051815620,16,7,15,2030-01-02 07:00:00,2030-01-02 20:00:00
482,active-germain,225,2030-01-02 08:14:00,20,5413409337,16,7,9,2030-01-02 07:00:00,2030-01-02 20:00:00
483,active-germain,289,2030-01-02 08:17:00,21,40617788,16,7,10,2030-01-02 07:00:00,2030-01-02 20:00:00
484,active-germain,463,2030-01-02 08:21:00,22,561372021,16,7,13,2030-01-02 07:00:00,2030-01-02 20:00:00
485,active-germain,85,2030-01-02 08:32:00,23,830659393,16,7,12,2030-01-02 07:00:00,2030-01-02 20:00:00
486,active-germain,244,2030-01-02 08:37:00,24,6969068085,16,7,9,2030-01-02 07:00:00,2030-01-02 20:00:00
487,active-germain,496,2030-01-02 08:39:00,25,870583665,16,7,10,2030-01-02 07:00:00,2030-01-02 20:00:00
488,active-germain,497,2030-01-02 08:41:00,26,870583668,16,7,10,2030-01-02 07:00:00,2030-01-02 20:00:00
489,active-germain,103,2030-01-02 08:43:00,27,1332272327,16,7,11,2030-01-02 07:00:00,2030-01-02 20:00:00
490,active-germain,287,2030-01-02 08:45:00,28,12179155624,16,7,11,2030-01-02 07:00:00,2030-01-02 20:00:00
491,active-germain,100,2030-01-02 08:48:00,29,1326700611,16,7,10,2030-01-02 07:00:00,2030-01-02 20:00:00
0,angry-marchand,538,2030-01-02 07:03:00,1,1080799552,16,7,13,2030-01-02 07:00:00,2030-01-02 20:00:00
1,angry-marchand,444,2030-01-02 07:05:00,2,362954595,16,7,10,2030-01-02 07:00:00,2030-01-02 20:00:00
2,angry-marchand,479,2030-01-02 07:07:00,3,665875674,16,7,8,2030-01-02 07:00:00,2030-01-02 20:00:00
3,angry-marchand,478,2030-01-02 07:09:00,4,665875663,16,7,11,2030-01-02 07:00:00,2030-01-02 20:00:00
4,angry-marchand,272,2030-01-02 07:11:00,5,10994405522,16,7,10,2030-01-02 07:00:00,2030-01-02 20:00:00
5,angry-marchand,234,2030-01-02 07:13:00,6,5866396179,16,7,12,2030-01-02 07:00:00,2030-01-02 20:00:00
6,angry-marchand,404,2030-01-02 07:18:00,7,281046955,16,7,12,2030-01-02 07:00:00,2030-01-02 20:00:00
7,angry-marchand,276,2030-01-02 07:21:00,8,11384483172,16,7,8,2030-01-02 07:00:00,2030-01-02 20:00:00
8,angry-marchand,343,2030-01-02 07:23:00,9,231265715,16,7,8,2030-01-02 07:00:00,2030-01-02 20:00:00
9,angry-marchand,262,2030-01-02 07:25:00,10,10016178636,16,7,8,2030-01-02 07:00:00,2030-01-02 20:00:00
10,angry-marchand,374,2030-01-02 07:27:00,11,257772822,16,7,12,2030-01-02 07:00:00,2030-01-02 20:00:00
11,angry-marchand,152,2030-01-02 07:29:00,12,2068246787,16,7,9,2030-01-02 07:00:00,2030-01-02 20:00:00
12,angry-marchand,304,2030-01-02 07:31:00,13,111184730,16,7,12,2030-01-02 07:00:00,2030-01-02 20:00:00
13,angry-marchand,305,2030-01-02 07:33:00,14,115086421,16,7,12,2030-01-02 07:00:00,2030-01-02 20:00:00
14,angry-marchand,299,2030-01-02 07:35:00,15,96255051,16,7,10,2030-01-02 07:00:00,2030-01-02 20:00:00
15,angry-marchand,300,2030-01-02 07:37:00,16,96255067,16,7,10,2030-01-02 07:00:00,2030-01-02 20:00:00
16,angry-marchand,24,2030-01-02 07:40:00,17,312577264,16,7,11,2030-01-02 07:00:00,2030-01-02 20:00:00
17,angry-marchand,23,2030-01-02 07:42:00,18,312576904,16,7,8,2030-01-02 07:00:00,2030-01-02 20:00:00
18,angry-marchand,22,2030-01-02 07:44:00,19,312576639,16,7,10,2030-01-02 07:00:00,2030-01-02 20:00:00
19,angry-marchand,21,2030-01-02 07:46:00,20,312576602,16,7,12,2030-01-02 07:00:00,2030-01-02 20:00:00
20,angry-marchand,211,2030-01-02 07:48:00,21,4799036110,16,7,13,2030-01-02 07:00:00,2030-01-02 20:00:00
21,angry-marchand,58,2030-01-02 07:52:00,22,592066036,16,7,14,2030-01-02 07:00:00,2030-01-02 20:00:00
22,angry-marchand,545,2030-01-02 07:55:00,23,1147061532,16,7,12,2030-01-02 07:00:00,2030-01-02 20:00:00
23,angry-marchand,425,2030-01-02 08:00:00,24,307149426,16,7,9,2030-01-02 07:00:00,2030-01-02 20:00:00
24,angry-marchand,66,2030-01-02 08:02:00,25,636958169,16,7,8,2030-01-02 07:00:00,2030-01-02 20:00:00
25,angry-marchand,174,2030-01-02 08:04:00,26,2860454401,16,7,11,2030-01-02 07:00:00,2030-01-02 20:00:00
26,angry-marchand,210,2030-01-02 08:06:00,27,4770224022,16,7,12,2030-01-02 07:00:00,2030-01-02 20:00:00
27,angry-marchand,38,2030-01-02 08:08:00,28,467744856,16,7,8,2030-01-02 07:00:00,2030-01-02 20:00:00
28,angry-marchand,491,2030-01-02 08:10:00,29,696901432,16,7,10,2030-01-02 07:00:00,2030-01-02 20:00:00
29,angry-marchand,456,2030-01-02 08:12:00,30,517560263,16,7,13,2030-01-02 07:00:00,2030-01-02 20:00:00
30,angry-marchand,357,2030-01-02 08:14:00,31,245124093,16,7,8,2030-01-02 07:00:00,2030-01-02 20:00:00
31,angry-marchand,273,2030-01-02 08:16:00,32,11026623981,16,7,10,2030-01-02 07:00:00,2030-01-02 20:00:00
32,angry-marchand,349,2030-01-02 08:18:00,33,233791356,16,7,14,2030-01-02 07:00:00,2030-01-02 20:00:00
33,angry-marchand,350,2030-01-02 08:20:00,34,233791363,16,7,10,2030-01-02 07:00:00,2030-01-02 20:00:00
34,angry-marchand,351,2030-01-02 08:22:00,35,233801731,16,7,10,2030-01-02 07:00:00,2030-01-02 20:00:00
35,angry-marchand,268,2030-01-02 08:24:00,36,10576430555,16,7,10,2030-01-02 07:00:00,2030-01-02 20:00:00
36,angry-marchand,507,2030-01-02 08:26:00,37,934923912,16,7,10,2030-01-02 07:00:00,2030-01-02 20:00:00
37,angry-marchand,52,2030-01-02 08:28:00,38,562072082,16,7,9,2030-01-02 07:00:00,2030-01-02 20:00:00
38,angry-marchand,141,2030-01-02 08:30:00,39,1712118211,16,7,12,2030-01-02 07:00:00,2030-01-02 20:00:00
39,angry-marchand,437,2030-01-02 08:33:00,40,316971228,16,7,11,2030-01-02 07:00:00,2030-01-02 20:00:00
40,angry-marchand,37,2030-01-02 08:35:00,41,467744840,16,7,10,2030-01-02 07:00:00,2030-01-02 20:00:00
41,angry-marchand,348,2030-01-02 08:37:00,42,233790935,16,7,8,2030-01-02 07:00:00,2030-01-02 20:00:00
42,angry-marchand,105,2030-01-02 08:39:00,43,1348371058,16,7,10,2030-01-02 07:00:00,2030-01-02 20:00:00
43,angry-marchand,239,2030-01-02 08:41:00,44,6659452185,16,7,10,2030-01-02 07:00:00,2030-01-02 20:00:00
44,angry-marchand,322,2030-01-02 08:43:00,45,228290004,16,7,14,2030-01-02 07:00:00,2030-01-02 20:00:00
45,angry-marchand,546,2030-01-02 08:45:00,46,1218481438,16,7,10,2030-01-02 07:00:00,2030-01-02 20:00:00
46,angry-marchand,190,2030-01-02 08:47:00,47,3163587327,16,7,11,2030-01-02 07:00:00,2030-01-02 20:00:00
47,angry-marchand,166,2030-01-02 08:49:00,48,2419698552,16,7,11,2030-01-02 07:00:00,2030-01-02 20:00:00
48,angry-marchand,390,2030-01-02 08:51:00,49,271055200,16,7,12,2030-01-02 07:00:00,2030-01-02 20:00:00
49,angry-marchand,321,2030-01-02 08:53:00,50,228287775,16,7,10,2030-01-02 07:00:00,2030-01-02 20:00:00
50,angry-marchand,315,2030-01-02 08:55:00,51,227764081,16,7,7,2030-01-02 07:00:00,2030-01-02 20:00:00
51,angry-marchand,316,2030-01-02 08:58:00,52,227766039,16,7,12,2030-01-02 07:00:00,2030-01-02 20:00:00
52,angry-marchand,317,2030-01-02 09:00:00,53,227766040,16,7,10,2030-01-02 07:00:00,2030-01-02 20:00:00
53,angry-marchand,365,2030-01-02 09:02:00,54,250504040,16,7,8,2030-01-02 07:00:00,2030-01-02 20:00:00
54,angry-marchand,213,2030-01-02 09:04:00,55,4998192522,16,7,13,2030-01-02 07:00:00,2030-01-02 20:00:00
55,angry-marchand,364,2030-01-02 09:06:00,56,250501876,16,7,12,2030-01-02 07:00:00,2030-01-02 20:00:00
56,angry-marchand,323,2030-01-02 09:08:00,57,228762044,16,7,11,2030-01-02 07:00:00,2030-01-02 20:00:00
57,angry-marchand,324,2030-01-02 09:10:00,58,228762046,16,7,11,2030-01-02 07:00:00,2030-01-02 20:00:00
58,angry-marchand,335,2030-01-02 09:12:00,59,230134472,16,7,8,2030-01-02 07:00:00,2030-01-02 20:00:00
59,angry-marchand,191,2030-01-02 09:14:00,60,3224845421,16,7,7,2030-01-02 07:00:00,2030-01-02 20:00:00
60,angry-marchand,120,2030-01-02 09:16:00,61,1431043154,16,7,9,2030-01-02 07:00:00,2030-01-02 20:00:00
61,angry-marchand,333,2030-01-02 09:19:00,62,230101445,16,7,9,2030-01-02 07:00:00,2030-01-02 20:00:00
62,angry-marchand,407,2030-01-02 09:21:00,63,281650312,16,7,10,2030-01-02 07:00:00,2030-01-02 20:00:00
63,angry-marchand,405,2030-01-02 09:23:00,64,281357163,16,7,11,2030-01-02 07:00:00,2030-01-02 20:00:00
64,angry-marchand,240,2030-01-02 09:25:00,65,6659454386,16,7,10,2030-01-02 07:00:00,2030-01-02 20:00:00
65,angry-marchand,275,2030-01-02 09:27:00,66,11038174107,16,7,12,2030-01-02 07:00:00,2030-01-02 20:00:00
66,angry-marchand,406,2030-01-02 09:29:00,67,281359242,16,7,11,2030-01-02 07:00:00,2030-01-02 20:00:00
67,angry-marchand,419,2030-01-02 09:31:00,68,294962764,16,7,12,2030-01-02 07:00:00,2030-01-02 20:00:00
68,angry-marchand,201,2030-01-02 09:33:00,69,4078397589,16,7,11,2030-01-02 07:00:00,2030-01-02 20:00:00
69,angry-marchand,278,2030-01-02 09:36:00,70,11621600199,16,7,9,2030-01-02 07:00:00,2030-01-02 20:00:00
70,angry-marchand,215,2030-01-02 09:39:00,71,5044959521,16,7,8,2030-01-02 07:00:00,2030-01-02 20:00:00
435,arid-roux,5,2030-01-02 07:10:00,1,280123269,16,7,10,2030-01-02 07:00:00,2030-01-02 20:00:00
436,arid-roux,502,2030-01-02 07:14:00,2,921876024,16,7,10,2030-01-02 07:00:00,2030-01-02 20:00:00
437,arid-roux,523,2030-01-02 07:19:00,3,974841016,16,7,12,2030-01-02 07:00:00,2030-01-02 20:00:00
438,arid-roux,135,2030-01-02 07:24:00,4,1529996838,16,7,10,2030-01-02 07:00:00,2030-01-02 20:00:00
439,arid-roux,132,2030-01-02 07:27:00,5,1521660943,16,7,10,2030-01-02 07:00:00,2030-01-02 20:00:00
440,arid-roux,473,2030-01-02 07:29:00,6,657988244,16,7,12,2030-01-02 07:00:00,2030-01-02 20:00:00
441,arid-roux,133,2030-01-02 07:33:00,7,1526077721,16,7,7,2030-01-02 07:00:00,2030-01-02 20:00:00
442,arid-roux,455,2030-01-02 07:38:00,8,471666565,16,7,8,2030-01-02 07:00:00,2030-01-02 20:00:00
443,arid-roux,290,2030-01-02 07:44:00,9,42422825,16,7,15,2030-01-02 07:00:00,2030-01-02 20:00:00
444,arid-roux,121,2030-01-02 07:49:00,10,1432780730,16,7,15,2030-01-02 07:00:00,2030-01-02 20:00:00
445,arid-roux,122,2030-01-02 07:51:00,11,1432780731,16,7,10,2030-01-02 07:00:00,2030-01-02 20:00:00
446,arid-roux,84,2030-01-02 07:56:00,12,811533577,16,7,9,2030-01-02 07:00:00,2030-01-02 20:00:00
447,arid-roux,59,2030-01-02 08:00:00,13,598161343,16,7,12,2030-01-02 07:00:00,2030-01-02 20:00:00
448,arid-roux,155,2030-01-02 08:08:00,14,2080832424,16,7,11,2030-01-02 07:00:00,2030-01-02 20:00:00
449,arid-roux,475,2030-01-02 08:13:00,15,660641613,16,7,11,2030-01-02 07:00:00,2030-01-02 20:00:00
450,arid-roux,434,2030-01-02 08:16:00,16,313838460,16,7,9,2030-01-02 07:00:00,2030-01-02 20:00:00
451,arid-roux,433,2030-01-02 08:18:00,17,313838456,16,7,10,2030-01-02 07:00:00,2030-01-02 20:00:00
452,arid-roux,432,2030-01-02 08:20:00,18,313827641,16,7,11,2030-01-02 07:00:00,2030-01-02 20:00:00
453,arid-roux,257,2030-01-02 08:22:00,19,9352848206,16,7,11,2030-01-02 07:00:00,2030-01-02 20:00:00
454,arid-roux,131,2030-01-02 08:30:00,20,1521601306,16,7,12,2030-01-02 07:00:00,2030-01-02 20:00:00
455,arid-roux,345,2030-01-02 08:33:00,21,233507006,16,7,11,2030-01-02 07:00:00,2030-01-02 20:00:00
456,arid-roux,341,2030-01-02 08:37:00,22,230948516,16,7,11,2030-01-02 07:00:00,2030-01-02 20:00:00
457,arid-roux,286,2030-01-02 08:41:00,23,12178058608,16,7,12,2030-01-02 07:00:00,2030-01-02 20:00:00
458,arid-roux,291,2030-01-02 08:46:00,24,47936694,16,7,10,2030-01-02 07:00:00,2030-01-02 20:00:00
459,arid-roux,476,2030-01-02 08:50:00,25,661632319,16,7,9,2030-01-02 07:00:00,2030-01-02 20:00:00
460,arid-roux,2,2030-01-02 08:52:00,26,249426205,16,7,7,2030-01-02 07:00:00,2030-01-02 20:00:00
461,arid-roux,435,2030-01-02 08:55:00,27,314103949,16,7,10,2030-01-02 07:00:00,2030-01-02 20:00:00
462,arid-roux,436,2030-01-02 08:58:00,28,314131921,16,7,9,2030-01-02 07:00:00,2030-01-02 20:00:00
521,blended-favreau,288,2030-01-02 07:05:00,1,12246300601,16,7,12,2030-01-02 07:00:00,2030-01-02 20:00:00
522,blended-favreau,161,2030-01-02 07:07:00,2,2365544967,16,7,11,2030-01-02 07:00:00,2030-01-02 20:00:00
523,blended-favreau,445,2030-01-02 07:12:00,3,364532043,16,7,8,2030-01-02 07:00:00,2030-01-02 20:00:00
524,blended-favreau,474,2030-01-02 07:17:00,4,660054530,16,7,11,2030-01-02 07:00:00,2030-01-02 20:00:00
525,blended-favreau,525,2030-01-02 07:20:00,5,977365000,16,7,11,2030-01-02 07:00:00,2030-01-02 20:00:00
526,blended-favreau,522,2030-01-02 07:23:00,6,973141966,16,7,10,2030-01-02 07:00:00,2030-01-02 20:00:00
527,blended-favreau,493,2030-01-02 07:25:00,7,723741386,16,7,11,2030-01-02 07:00:00,2030-01-02 20:00:00
528,blended-favreau,382,2030-01-02 07:30:00,8,266390284,16,7,9,2030-01-02 07:00:00,2030-01-02 20:00:00
529,blended-favreau,548,2030-01-02 07:32:00,9,13336522,16,7,12,2030-01-02 07:00:00,2030-01-02 20:00:00
530,blended-favreau,526,2030-01-02 07:36:00,10,989064782,16,7,8,2030-01-02 07:00:00,2030-01-02 20:00:00
531,blended-favreau,422,2030-01-02 07:40:00,11,298356152,16,7,10,2030-01-02 07:00:00,2030-01-02 20:00:00
532,blended-favreau,465,2030-01-02 07:50:00,12,608742882,16,7,9,2030-01-02 07:00:00,2030-01-02 20:00:00
533,blended-favreau,464,2030-01-02 07:52:00,13,606830451,16,7,9,2030-01-02 07:00:00,2030-01-02 20:00:00
534,blended-favreau,249,2030-01-02 07:57:00,14,8521097200,16,7,12,2030-01-02 07:00:00,2030-01-02 20:00:00
535,blended-favreau,248,2030-01-02 07:59:00,15,8521097190,16,7,9,2030-01-02 07:00:00,2030-01-02 20:00:00
536,blended-favreau,172,2030-01-02 08:01:00,16,2697063080,16,7,10,2030-01-02 07:00:00,2030-01-02 20:00:00
537,blended-favreau,380,2030-01-02 08:03:00,17,264029838,16,7,8,2030-01-02 07:00:00,2030-01-02 20:00:00
538,blended-favreau,373,2030-01-02 08:06:00,18,255386983,16,7,10,2030-01-02 07:00:00,2030-01-02 20:00:00
539,blended-favreau,169,2030-01-02 08:08:00,19,2612014313,16,7,12,2030-01-02 07:00:00,2030-01-02 20:00:00
540,blended-favreau,171,2030-01-02 08:12:00,20,2689455361,16,7,11,2030-01-02 07:00:00,2030-01-02 20:00:00
541,blended-favreau,372,2030-01-02 08:15:00,21,255386982,16,7,12,2030-01-02 07:00:00,2030-01-02 20:00:00
542,blended-favreau,233,2030-01-02 08:18:00,22,5838769296,16,7,13,2030-01-02 07:00:00,2030-01-02 20:00:00
543,blended-favreau,415,2030-01-02 08:21:00,23,291771732,16,7,9,2030-01-02 07:00:00,2030-01-02 20:00:00
544,blended-favreau,176,2030-01-02 08:24:00,24,2893532903,16,7,11,2030-01-02 07:00:00,2030-01-02 20:00:00
545,blended-favreau,26,2030-01-02 08:26:00,25,335569489,16,7,11,2030-01-02 07:00:00,2030-01-02 20:00:00
546,blended-favreau,113,2030-01-02 08:28:00,26,1416582578,16,7,10,2030-01-02 07:00:00,2030-01-02 20:00:00
547,blended-favreau,513,2030-01-02 08:30:00,27,942944691,16,7,11,2030-01-02 07:00:00,2030-01-02 20:00:00
548,blended-favreau,41,2030-01-02 08:32:00,28,475642453,16,7,10,2030-01-02 07:00:00,2030-01-02 20:00:00
549,blended-favreau,459,2030-01-02 08:34:00,29,530415760,16,7,8,2030-01-02 07:00:00,2030-01-02 20:00:00
280,chromatic-bureau,62,2030-01-02 07:02:00,1,629750014,16,7,10,2030-01-02 07:00:00,2030-01-02 20:00:00
281,chromatic-bureau,232,2030-01-02 07:03:00,2,5787220032,16,7,9,2030-01-02 07:00:00,2030-01-02 20:00:00
282,chromatic-bureau,63,2030-01-02 07:04:00,3,629750018,16,7,8,2030-01-02 07:00:00,2030-01-02 20:00:00
283,chromatic-bureau,112,2030-01-02 07:07:00,4,1404772647,16,7,14,2030-01-02 07:00:00,2030-01-02 20:00:00
284,chromatic-bureau,109,2030-01-02 07:09:00,5,1373979474,16,7,8,2030-01-02 07:00:00,2030-01-02 20:00:00
285,chromatic-bureau,108,2030-01-02 07:11:00,6,1373977813,16,7,10,2030-01-02 07:00:00,2030-01-02 20:00:00
286,chromatic-bureau,528,2030-01-02 07:13:00,7,1008215352,16,7,11,2030-01-02 07:00:00,2030-01-02 20:00:00
287,chromatic-bureau,110,2030-01-02 07:15:00,8,1403120910,16,7,12,2030-01-02 07:00:00,2030-01-02 20:00:00
288,chromatic-bureau,498,2030-01-02 07:17:00,9,875254368,16,7,10,2030-01-02 07:00:00,2030-01-02 20:00:00
289,chromatic-bureau,283,2030-01-02 07:19:00,10,12165523255,16,7,12,2030-01-02 07:00:00,2030-01-02 20:00:00
290,chromatic-bureau,261,2030-01-02 07:21:00,11,10013398691,16,7,11,2030-01-02 07:00:00,2030-01-02 20:00:00
291,chromatic-bureau,328,2030-01-02 07:24:00,12,229061164,16,7,8,2030-01-02 07:00:00,2030-01-02 20:00:00
292,chromatic-bureau,403,2030-01-02 07:27:00,13,281005429,16,7,11,2030-01-02 07:00:00,2030-01-02 20:00:00
293,chromatic-bureau,542,2030-01-02 07:29:00,14,1084442071,16,7,6,2030-01-02 07:00:00,2030-01-02 20:00:00
294,chromatic-bureau,158,2030-01-02 07:31:00,15,2131267852,16,7,13,2030-01-02 07:00:00,2030-01-02 20:00:00
295,chromatic-bureau,162,2030-01-02 07:33:00,16,2372306728,16,7,10,2030-01-02 07:00:00,2030-01-02 20:00:00
296,chromatic-bureau,163,2030-01-02 07:35:00,17,2372309923,16,7,9,2030-01-02 07:00:00,2030-01-02 20:00:00
297,chromatic-bureau,164,2030-01-02 07:37:00,18,2372312459,16,7,12,2030-01-02 07:00:00,2030-01-02 20:00:00
298,chromatic-bureau,168,2030-01-02 07:39:00,19,2573726983,16,7,10,2030-01-02 07:00:00,2030-01-02 20:00:00
299,chromatic-bureau,494,2030-01-02 07:42:00,20,741013943,16,7,12,2030-01-02 07:00:00,2030-01-02 20:00:00
300,chromatic-bureau,417,2030-01-02 07:45:00,21,292185701,16,7,9,2030-01-02 07:00:00,2030-01-02 20:00:00
301,chromatic-bureau,483,2030-01-02 07:47:00,22,681374550,16,7,11,2030-01-02 07:00:00,2030-01-02 20:00:00
302,chromatic-bureau,443,2030-01-02 07:50:00,23,356323694,16,7,10,2030-01-02 07:00:00,2030-01-02 20:00:00
303,chromatic-bureau,482,2030-01-02 07:52:00,24,679432837,16,7,11,2030-01-02 07:00:00,2030-01-02 20:00:00
304,chromatic-bureau,43,2030-01-02 07:54:00,25,491319647,16,7,9,2030-01-02 07:00:00,2030-01-02 20:00:00
305,chromatic-bureau,416,2030-01-02 07:57:00,26,292185700,16,7,11,2030-01-02 07:00:00,2030-01-02 20:00:00
306,chromatic-bureau,535,2030-01-02 08:00:00,27,1074353199,16,7,12,2030-01-02 07:00:00,2030-01-02 20:00:00
307,chromatic-bureau,252,2030-01-02 08:02:00,28,9202222409,16,7,12,2030-01-02 07:00:00,2030-01-02 20:00:00
308,chromatic-bureau,367,2030-01-02 08:04:00,29,252713065,16,7,10,2030-01-02 07:00:00,2030-01-02 20:00:00
309,chromatic-bureau,106,2030-01-02 08:06:00,30,1349656251,16,7,13,2030-01-02 07:00:00,2030-01-02 20:00:00
310,chromatic-bureau,202,2030-01-02 08:08:00,31,4223248090,16,7,8,2030-01-02 07:00:00,2030-01-02 20:00:00
311,chromatic-bureau,139,2030-01-02 08:10:00,32,1684858495,16,7,10,2030-01-02 07:00:00,2030-01-02 20:00:00
312,chromatic-bureau,540,2030-01-02 08:13:00,33,1084223124,16,7,10,2030-01-02 07:00:00,2030-01-02 20:00:00
313,chromatic-bureau,221,2030-01-02 08:16:00,34,5301569915,16,7,13,2030-01-02 07:00:00,2030-01-02 20:00:00
314,chromatic-bureau,368,2030-01-02 08:18:00,35,252809417,16,7,8,2030-01-02 07:00:00,2030-01-02 20:00:00
315,chromatic-bureau,370,2030-01-02 08:20:00,36,252812519,16,7,8,2030-01-02 07:00:00,2030-01-02 20:00:00
316,chromatic-bureau,246,2030-01-02 08:22:00,37,7017217477,16,7,14,2030-01-02 07:00:00,2030-01-02 20:00:00
317,chromatic-bureau,369,2030-01-02 08:24:00,38,252812514,16,7,11,2030-01-02 07:00:00,2030-01-02 20:00:00
318,chromatic-bureau,266,2030-01-02 08:26:00,39,10275525043,16,7,9,2030-01-02 07:00:00,2030-01-02 20:00:00
319,chromatic-bureau,439,2030-01-02 08:28:00,40,325131328,16,7,9,2030-01-02 07:00:00,2030-01-02 20:00:00
320,chromatic-bureau,487,2030-01-02 08:32:00,41,683240615,16,7,10,2030-01-02 07:00:00,2030-01-02 20:00:00
321,chromatic-bureau,527,2030-01-02 08:34:00,42,993326913,16,7,9,2030-01-02 07:00:00,2030-01-02 20:00:00
322,chromatic-bureau,80,2030-01-02 08:36:00,43,768520263,16,7,10,2030-01-02 07:00:00,2030-01-02 20:00:00
323,chromatic-bureau,536,2030-01-02 08:39:00,44,1075891893,16,7,13,2030-01-02 07:00:00,2030-01-02 20:00:00
324,chromatic-bureau,485,2030-01-02 08:41:00,45,681866902,16,7,12,2030-01-02 07:00:00,2030-01-02 20:00:00
325,chromatic-bureau,69,2030-01-02 08:43:00,46,698087515,16,7,11,2030-01-02 07:00:00,2030-01-02 20:00:00
326,chromatic-bureau,48,2030-01-02 08:45:00,47,538103859,16,7,11,2030-01-02 07:00:00,2030-01-02 20:00:00
327,chromatic-bureau,486,2030-01-02 08:47:00,48,682430066,16,7,15,2030-01-02 07:00:00,2030-01-02 20:00:00
328,chromatic-bureau,477,2030-01-02 08:49:00,49,662919753,16,7,10,2030-01-02 07:00:00,2030-01-02 20:00:00
329,chromatic-bureau,426,2030-01-02 08:52:00,50,307150002,16,7,12,2030-01-02 07:00:00,2030-01-02 20:00:00
330,chromatic-bureau,427,2030-01-02 08:54:00,51,307175604,16,7,11,2030-01-02 07:00:00,2030-01-02 20:00:00
331,chromatic-bureau,533,2030-01-02 08:56:00,52,1026167146,16,7,10,2030-01-02 07:00:00,2030-01-02 20:00:00
332,chromatic-bureau,428,2030-01-02 08:58:00,53,308099353,16,7,12,2030-01-02 07:00:00,2030-01-02 20:00:00
333,chromatic-bureau,448,2030-01-02 09:00:00,54,383974977,16,7,11,2030-01-02 07:00:00,2030-01-02 20:00:00
334,chromatic-bureau,446,2030-01-02 09:02:00,55,383974966,16,7,10,2030-01-02 07:00:00,2030-01-02 20:00:00
335,chromatic-bureau,447,2030-01-02 09:03:00,56,383974974,16,7,11,2030-01-02 07:00:00,2030-01-02 20:00:00
336,chromatic-bureau,449,2030-01-02 09:05:00,57,383992493,16,7,11,2030-01-02 07:00:00,2030-01-02 20:00:00
337,chromatic-bureau,450,2030-01-02 09:07:00,58,383996326,16,7,9,2030-01-02 07:00:00,2030-01-02 20:00:00
338,chromatic-bureau,539,2030-01-02 09:09:00,59,1084218455,16,7,11,2030-01-02 07:00:00,2030-01-02 20:00:00
339,chromatic-bureau,226,2030-01-02 09:11:00,60,5590594966,16,7,14,2030-01-02 07:00:00,2030-01-02 20:00:00
340,chromatic-bureau,64,2030-01-02 09:13:00,61,632666705,16,7,12,2030-01-02 07:00:00,2030-01-02 20:00:00
341,chromatic-bureau,265,2030-01-02 09:15:00,62,10265129685,16,7,7,2030-01-02 07:00:00,2030-01-02 20:00:00
342,chromatic-bureau,451,2030-01-02 09:17:00,63,384344469,16,7,11,2030-01-02 07:00:00,2030-01-02 20:00:00
343,chromatic-bureau,35,2030-01-02 09:19:00,64,446785628,16,7,11,2030-01-02 07:00:00,2030-01-02 20:00:00
344,chromatic-bureau,36,2030-01-02 09:21:00,65,446785642,16,7,9,2030-01-02 07:00:00,2030-01-02 20:00:00
345,chromatic-bureau,107,2030-01-02 09:24:00,66,1373919801,16,7,10,2030-01-02 07:00:00,2030-01-02 20:00:00
346,chromatic-bureau,259,2030-01-02 09:26:00,67,9984256982,16,7,9,2030-01-02 07:00:00,2030-01-02 20:00:00
347,chromatic-bureau,256,2030-01-02 09:28:00,68,9334710259,16,7,10,2030-01-02 07:00:00,2030-01-02 20:00:00
348,chromatic-bureau,8,2030-01-02 09:30:00,69,298721803,16,7,9,2030-01-02 07:00:00,2030-01-02 20:00:00
492,equidistant-germain,541,2030-01-02 07:09:00,1,1084437112,16,7,13,2030-01-02 07:00:00,2030-01-02 20:00:00
493,equidistant-germain,508,2030-01-02 07:11:00,2,934991746,16,7,11,2030-01-02 07:00:00,2030-01-02 20:00:00
494,equidistant-germain,537,2030-01-02 07:13:00,3,1078043031,16,7,9,2030-01-02 07:00:00,2030-01-02 20:00:00
495,equidistant-germain,292,2030-01-02 07:17:00,4,52304330,16,7,9,2030-01-02 07:00:00,2030-01-02 20:00:00
496,equidistant-germain,311,2030-01-02 07:19:00,5,130774599,16,7,9,2030-01-02 07:00:00,2030-01-02 20:00:00
497,equidistant-germain,307,2030-01-02 07:25:00,6,128942373,16,7,11,2030-01-02 07:00:00,2030-01-02 20:00:00
498,equidistant-germain,200,2030-01-02 07:32:00,7,4021198488,16,7,12,2030-01-02 07:00:00,2030-01-02 20:00:00
499,equidistant-germain,414,2030-01-02 07:35:00,8,289743485,16,7,11,2030-01-02 07:00:00,2030-01-02 20:00:00
500,equidistant-germain,532,2030-01-02 07:37:00,9,1022471506,16,7,9,2030-01-02 07:00:00,2030-01-02 20:00:00
501,equidistant-germain,67,2030-01-02 07:39:00,10,639829717,16,7,10,2030-01-02 07:00:00,2030-01-02 20:00:00
502,equidistant-germain,420,2030-01-02 07:41:00,11,296152664,16,7,11,2030-01-02 07:00:00,2030-01-02 20:00:00
503,equidistant-germain,138,2030-01-02 07:45:00,12,1615384981,16,7,10,2030-01-02 07:00:00,2030-01-02 20:00:00
504,equidistant-germain,515,2030-01-02 07:47:00,13,963190830,16,7,10,2030-01-02 07:00:00,2030-01-02 20:00:00
505,equidistant-germain,243,2030-01-02 07:51:00,14,6795621382,16,7,10,2030-01-02 07:00:00,2030-01-02 20:00:00
506,equidistant-germain,521,2030-01-02 07:55:00,15,972279383,16,7,11,2030-01-02 07:00:00,2030-01-02 20:00:00
507,equidistant-germain,530,2030-01-02 07:58:00,16,1022471493,16,7,9,2030-01-02 07:00:00,2030-01-02 20:00:00
508,equidistant-germain,531,2030-01-02 08:00:00,17,1022471505,16,7,8,2030-01-02 07:00:00,2030-01-02 20:00:00
509,equidistant-germain,421,2030-01-02 08:02:00,18,296153007,16,7,11,2030-01-02 07:00:00,2030-01-02 20:00:00
510,equidistant-germain,424,2030-01-02 08:05:00,19,302342924,16,7,11,2030-01-02 07:00:00,2030-01-02 20:00:00
511,equidistant-germain,516,2030-01-02 08:08:00,20,965411035,16,7,10,2030-01-02 07:00:00,2030-01-02 20:00:00
512,equidistant-germain,124,2030-01-02 08:12:00,21,1484733482,16,7,11,2030-01-02 07:00:00,2030-01-02 20:00:00
513,equidistant-germain,236,2030-01-02 08:16:00,22,6248574948,16,7,12,2030-01-02 07:00:00,2030-01-02 20:00:00
514,equidistant-germain,125,2030-01-02 08:20:00,23,1496722632,16,7,9,2030-01-02 07:00:00,2030-01-02 20:00:00
515,equidistant-germain,126,2030-01-02 08:24:00,24,1496775243,16,7,9,2030-01-02 07:00:00,2030-01-02 20:00:00
516,equidistant-germain,514,2030-01-02 08:30:00,25,958564201,16,7,10,2030-01-02 07:00:00,2030-01-02 20:00:00
517,equidistant-germain,123,2030-01-02 08:32:00,26,1484713985,16,7,12,2030-01-02 07:00:00,2030-01-02 20:00:00
518,equidistant-germain,429,2030-01-02 08:36:00,27,308326739,16,7,14,2030-01-02 07:00:00,2030-01-02 20:00:00
519,equidistant-germain,114,2030-01-02 08:38:00,28,1423546555,16,7,8,2030-01-02 07:00:00,2030-01-02 20:00:00
520,equidistant-germain,484,2030-01-02 08:41:00,29,681866900,16,7,10,2030-01-02 07:00:00,2030-01-02 20:00:00
349,humid-armistead,98,2030-01-02 07:02:00,1,1260538148,16,7,11,2030-01-02 07:00:00,2030-01-02 20:00:00
350,humid-armistead,27,2030-01-02 07:06:00,2,335980359,16,7,10,2030-01-02 07:00:00,2030-01-02 20:00:00
351,humid-armistead,40,2030-01-02 07:08:00,3,475642367,16,7,11,2030-01-02 07:00:00,2030-01-02 20:00:00
352,humid-armistead,495,2030-01-02 07:11:00,4,795671595,16,7,8,2030-01-02 07:00:00,2030-01-02 20:00:00
353,humid-armistead,255,2030-01-02 07:14:00,5,9322108900,16,7,9,2030-01-02 07:00:00,2030-01-02 20:00:00
354,humid-armistead,144,2030-01-02 07:18:00,6,2004488756,16,7,11,2030-01-02 07:00:00,2030-01-02 20:00:00
355,humid-armistead,510,2030-01-02 07:24:00,7,935099918,16,7,12,2030-01-02 07:00:00,2030-01-02 20:00:00
356,humid-armistead,509,2030-01-02 07:26:00,8,935099879,16,7,12,2030-01-02 07:00:00,2030-01-02 20:00:00
357,humid-armistead,512,2030-01-02 07:28:00,9,935738059,16,7,12,2030-01-02 07:00:00,2030-01-02 20:00:00
358,humid-armistead,143,2030-01-02 07:30:00,10,2004412428,16,7,9,2030-01-02 07:00:00,2030-01-02 20:00:00
359,humid-armistead,142,2030-01-02 07:33:00,11,2004412420,16,7,7,2030-01-02 07:00:00,2030-01-02 20:00:00
360,humid-armistead,237,2030-01-02 07:38:00,12,6302603646,16,7,10,2030-01-02 07:00:00,2030-01-02 20:00:00
361,humid-armistead,179,2030-01-02 07:40:00,13,2995285120,16,7,12,2030-01-02 07:00:00,2030-01-02 20:00:00
362,humid-armistead,145,2030-01-02 07:42:00,14,2004491253,16,7,9,2030-01-02 07:00:00,2030-01-02 20:00:00
363,humid-armistead,93,2030-01-02 07:44:00,15,988809177,16,7,12,2030-01-02 07:00:00,2030-01-02 20:00:00
364,humid-armistead,506,2030-01-02 07:48:00,16,931713369,16,7,12,2030-01-02 07:00:00,2030-01-02 20:00:00
365,humid-armistead,150,2030-01-02 07:50:00,17,2065207024,16,7,11,2030-01-02 07:00:00,2030-01-02 20:00:00
366,humid-armistead,10,2030-01-02 07:54:00,18,299225092,16,7,10,2030-01-02 07:00:00,2030-01-02 20:00:00
367,humid-armistead,9,2030-01-02 07:56:00,19,299224403,16,7,12,2030-01-02 07:00:00,2030-01-02 20:00:00
368,humid-armistead,25,2030-01-02 07:58:00,20,315252689,16,7,11,2030-01-02 07:00:00,2030-01-02 20:00:00
369,humid-armistead,32,2030-01-02 08:01:00,21,415803254,16,7,10,2030-01-02 07:00:00,2030-01-02 20:00:00
370,humid-armistead,511,2030-01-02 08:03:00,22,935134063,16,7,11,2030-01-02 07:00:00,2030-01-02 20:00:00
371,humid-armistead,302,2030-01-02 08:05:00,23,105915585,16,7,10,2030-01-02 07:00:00,2030-01-02 20:00:00
372,humid-armistead,149,2030-01-02 08:10:00,24,2065197334,16,7,12,2030-01-02 07:00:00,2030-01-02 20:00:00
373,humid-armistead,308,2030-01-02 08:13:00,25,129750566,16,7,8,2030-01-02 07:00:00,2030-01-02 20:00:00
374,humid-armistead,378,2030-01-02 08:16:00,26,261598465,16,7,9,2030-01-02 07:00:00,2030-01-02 20:00:00
375,humid-armistead,151,2030-01-02 08:18:00,27,2066250086,16,7,12,2030-01-02 07:00:00,2030-01-02 20:00:00
376,humid-armistead,60,2030-01-02 08:20:00,28,612623532,16,7,9,2030-01-02 07:00:00,2030-01-02 20:00:00
377,humid-armistead,119,2030-01-02 08:24:00,29,1426100409,16,7,9,2030-01-02 07:00:00,2030-01-02 20:00:00
405,lead-royer,65,2030-01-02 07:06:00,1,635273448,16,7,10,2030-01-02 07:00:00,2030-01-02 20:00:00
406,lead-royer,157,2030-01-02 07:10:00,2,2131267850,16,7,6,2030-01-02 07:00:00,2030-01-02 20:00:00
407,lead-royer,492,2030-01-02 07:16:00,3,697131606,16,7,11,2030-01-02 07:00:00,2030-01-02 20:00:00
408,lead-royer,472,2030-01-02 07:18:00,4,657456424,16,7,9,2030-01-02 07:00:00,2030-01-02 20:00:00
409,lead-royer,355,2030-01-02 07:21:00,5,244989701,16,7,8,2030-01-02 07:00:00,2030-01-02 20:00:00
410,lead-royer,356,2030-01-02 07:23:00,6,244989703,16,7,9,2030-01-02 07:00:00,2030-01-02 20:00:00
411,lead-royer,319,2030-01-02 07:25:00,7,228284414,16,7,9,2030-01-02 07:00:00,2030-01-02 20:00:00
412,lead-royer,320,2030-01-02 07:27:00,8,228286745,16,7,11,2030-01-02 07:00:00,2030-01-02 20:00:00
413,lead-royer,227,2030-01-02 07:31:00,9,5590642309,16,7,13,2030-01-02 07:00:00,2030-01-02 20:00:00
414,lead-royer,503,2030-01-02 07:36:00,10,928261032,16,7,9,2030-01-02 07:00:00,2030-01-02 20:00:00
415,lead-royer,47,2030-01-02 07:39:00,11,516031805,16,7,12,2030-01-02 07:00:00,2030-01-02 20:00:00
416,lead-royer,97,2030-01-02 07:42:00,12,1223267149,16,7,10,2030-01-02 07:00:00,2030-01-02 20:00:00
417,lead-royer,15,2030-01-02 07:45:00,13,312565824,16,7,10,2030-01-02 07:00:00,2030-01-02 20:00:00
418,lead-royer,264,2030-01-02 07:47:00,14,10136276602,16,7,9,2030-01-02 07:00:00,2030-01-02 20:00:00
419,lead-royer,16,2030-01-02 07:49:00,15,312566081,16,7,14,2030-01-02 07:00:00,2030-01-02 20:00:00
420,lead-royer,17,2030-01-02 07:51:00,16,312569767,16,7,11,2030-01-02 07:00:00,2030-01-02 20:00:00
421,lead-royer,18,2030-01-02 07:53:00,17,312569935,16,7,12,2030-01-02 07:00:00,2030-01-02 20:00:00
422,lead-royer,529,2030-01-02 07:55:00,18,1012900428,16,7,12,2030-01-02 07:00:00,2030-01-02 20:00:00
423,lead-royer,20,2030-01-02 07:59:00,19,312574927,16,7,5,2030-01-02 07:00:00,2030-01-02 20:00:00
424,lead-royer,19,2030-01-02 08:01:00,20,312574900,16,7,9,2030-01-02 07:00:00,2030-01-02 20:00:00
425,lead-royer,250,2030-01-02 08:03:00,21,8952186013,16,7,8,2030-01-02 07:00:00,2030-01-02 20:00:00
426,lead-royer,271,2030-01-02 08:09:00,22,10792357138,16,7,10,2030-01-02 07:00:00,2030-01-02 20:00:00
427,lead-royer,42,2030-01-02 08:13:00,23,479092745,16,7,8,2030-01-02 07:00:00,2030-01-02 20:00:00
428,lead-royer,183,2030-01-02 08:15:00,24,3028480445,16,7,12,2030-01-02 07:00:00,2030-01-02 20:00:00
429,lead-royer,354,2030-01-02 08:19:00,25,239198137,16,7,8,2030-01-02 07:00:00,2030-01-02 20:00:00
430,lead-royer,306,2030-01-02 08:21:00,26,115772293,16,7,10,2030-01-02 07:00:00,2030-01-02 20:00:00
431,lead-royer,49,2030-01-02 08:25:00,27,543384713,16,7,11,2030-01-02 07:00:00,2030-01-02 20:00:00
432,lead-royer,54,2030-01-02 08:27:00,28,565770327,16,7,8,2030-01-02 07:00:00,2030-01-02 20:00:00
433,lead-royer,499,2030-01-02 08:29:00,29,893376289,16,7,13,2030-01-02 07:00:00,2030-01-02 20:00:00
434,lead-royer,118,2030-01-02 08:31:00,30,1426051344,16,7,12,2030-01-02 07:00:00,2030-01-02 20:00:00
71,moderato-caron,55,2030-01-02 07:06:00,1,583257143,16,7,8,2030-01-02 07:00:00,2030-01-02 20:00:00
72,moderato-caron,263,2030-01-02 07:10:00,2,10078115749,16,7,8,2030-01-02 07:00:00,2030-01-02 20:00:00
73,moderato-caron,481,2030-01-02 07:12:00,3,669319433,16,7,12,2030-01-02 07:00:00,2030-01-02 20:00:00
74,moderato-caron,400,2030-01-02 07:16:00,4,275483127,16,7,11,2030-01-02 07:00:00,2030-01-02 20:00:00
75,moderato-caron,399,2030-01-02 07:18:00,5,275482802,16,7,11,2030-01-02 07:00:00,2030-01-02 20:00:00
76,moderato-caron,385,2030-01-02 07:21:00,6,268843105,16,7,11,2030-01-02 07:00:00,2030-01-02 20:00:00
77,moderato-caron,238,2030-01-02 07:23:00,7,6551427836,16,7,12,2030-01-02 07:00:00,2030-01-02 20:00:00
78,moderato-caron,188,2030-01-02 07:25:00,8,3130376927,16,7,13,2030-01-02 07:00:00,2030-01-02 20:00:00
79,moderato-caron,269,2030-01-02 07:27:00,9,10601110758,16,7,8,2030-01-02 07:00:00,2030-01-02 20:00:00
80,moderato-caron,340,2030-01-02 07:29:00,10,230613179,16,7,10,2030-01-02 07:00:00,2030-01-02 20:00:00
81,moderato-caron,284,2030-01-02 07:31:00,11,12167965955,16,7,9,2030-01-02 07:00:00,2030-01-02 20:00:00
82,moderato-caron,392,2030-01-02 07:33:00,12,271989540,16,7,12,2030-01-02 07:00:00,2030-01-02 20:00:00
83,moderato-caron,550,2030-01-02 07:35:00,13,14704472,16,7,11,2030-01-02 07:00:00,2030-01-02 20:00:00
84,moderato-caron,386,2030-01-02 07:37:00,14,269759932,16,7,13,2030-01-02 07:00:00,2030-01-02 20:00:00
85,moderato-caron,389,2030-01-02 07:38:00,15,270968057,16,7,9,2030-01-02 07:00:00,2030-01-02 20:00:00
86,moderato-caron,387,2030-01-02 07:39:00,16,269759933,16,7,10,2030-01-02 07:00:00,2030-01-02 20:00:00
87,moderato-caron,33,2030-01-02 07:42:00,17,434153487,16,7,16,2030-01-02 07:00:00,2030-01-02 20:00:00
88,moderato-caron,170,2030-01-02 07:44:00,18,2681367476,16,7,9,2030-01-02 07:00:00,2030-01-02 20:00:00
89,moderato-caron,245,2030-01-02 07:46:00,19,6985146685,16,7,10,2030-01-02 07:00:00,2030-01-02 20:00:00
90,moderato-caron,218,2030-01-02 07:48:00,20,5166614627,16,7,10,2030-01-02 07:00:00,2030-01-02 20:00:00
91,moderato-caron,285,2030-01-02 07:50:00,21,12170327422,16,7,8,2030-01-02 07:00:00,2030-01-02 20:00:00
92,moderato-caron,401,2030-01-02 07:52:00,22,279140841,16,7,10,2030-01-02 07:00:00,2030-01-02 20:00:00
93,moderato-caron,402,2030-01-02 07:53:00,23,279140842,16,7,10,2030-01-02 07:00:00,2030-01-02 20:00:00
94,moderato-caron,342,2030-01-02 07:55:00,24,231199022,16,7,11,2030-01-02 07:00:00,2030-01-02 20:00:00
95,moderato-caron,549,2030-01-02 07:57:00,25,14462907,16,7,6,2030-01-02 07:00:00,2030-01-02 20:00:00
96,moderato-caron,209,2030-01-02 07:59:00,26,4396351895,16,7,9,2030-01-02 07:00:00,2030-01-02 20:00:00
97,moderato-caron,358,2030-01-02 08:01:00,27,249212894,16,7,8,2030-01-02 07:00:00,2030-01-02 20:00:00
98,moderato-caron,353,2030-01-02 08:03:00,28,234082876,16,7,10,2030-01-02 07:00:00,2030-01-02 20:00:00
99,moderato-caron,303,2030-01-02 08:06:00,29,109370672,16,7,11,2030-01-02 07:00:00,2030-01-02 20:00:00
100,moderato-caron,296,2030-01-02 08:08:00,30,84018113,16,7,10,2030-01-02 07:00:00,2030-01-02 20:00:00
101,moderato-caron,297,2030-01-02 08:10:00,31,84018119,16,7,13,2030-01-02 07:00:00,2030-01-02 20:00:00
102,moderato-caron,204,2030-01-02 08:12:00,32,4329853451,16,7,10,2030-01-02 07:00:00,2030-01-02 20:00:00
103,moderato-caron,212,2030-01-02 08:15:00,33,4806183922,16,7,10,2030-01-02 07:00:00,2030-01-02 20:00:00
104,moderato-caron,362,2030-01-02 08:17:00,34,250345931,16,7,14,2030-01-02 07:00:00,2030-01-02 20:00:00
105,moderato-caron,203,2030-01-02 08:20:00,35,4249403390,16,7,10,2030-01-02 07:00:00,2030-01-02 20:00:00
106,moderato-caron,206,2030-01-02 08:22:00,36,4337941791,16,7,10,2030-01-02 07:00:00,2030-01-02 20:00:00
107,moderato-caron,76,2030-01-02 08:26:00,37,768231204,16,7,10,2030-01-02 07:00:00,2030-01-02 20:00:00
108,moderato-caron,242,2030-01-02 08:28:00,38,6782589728,16,7,9,2030-01-02 07:00:00,2030-01-02 20:00:00
109,moderato-caron,207,2030-01-02 08:34:00,39,4357798892,16,7,10,2030-01-02 07:00:00,2030-01-02 20:00:00
110,moderato-caron,1,2030-01-02 08:36:00,40,133193958,16,7,9,2030-01-02 07:00:00,2030-01-02 20:00:00
111,moderato-caron,117,2030-01-02 08:38:00,41,1426048610,16,7,10,2030-01-02 07:00:00,2030-01-02 20:00:00
112,moderato-caron,83,2030-01-02 08:40:00,42,778699196,16,7,9,2030-01-02 07:00:00,2030-01-02 20:00:00
113,moderato-caron,82,2030-01-02 08:42:00,43,778690166,16,7,10,2030-01-02 07:00:00,2030-01-02 20:00:00
114,moderato-caron,81,2030-01-02 08:44:00,44,775415430,16,7,10,2030-01-02 07:00:00,2030-01-02 20:00:00
115,moderato-caron,205,2030-01-02 08:46:00,45,4337347089,16,7,11,2030-01-02 07:00:00,2030-01-02 20:00:00
116,moderato-caron,505,2030-01-02 08:49:00,46,931386087,16,7,13,2030-01-02 07:00:00,2030-01-02 20:00:00
117,moderato-caron,452,2030-01-02 08:51:00,47,407979343,16,7,11,2030-01-02 07:00:00,2030-01-02 20:00:00
118,moderato-caron,178,2030-01-02 08:53:00,48,2980368136,16,7,10,2030-01-02 07:00:00,2030-01-02 20:00:00
119,moderato-caron,195,2030-01-02 08:55:00,49,3567190069,16,7,11,2030-01-02 07:00:00,2030-01-02 20:00:00
120,moderato-caron,413,2030-01-02 08:57:00,50,283771391,16,7,13,2030-01-02 07:00:00,2030-01-02 20:00:00
121,moderato-caron,72,2030-01-02 08:59:00,51,739778204,16,7,12,2030-01-02 07:00:00,2030-01-02 20:00:00
122,moderato-caron,247,2030-01-02 09:01:00,52,7138761089,16,7,11,2030-01-02 07:00:00,2030-01-02 20:00:00
123,moderato-caron,453,2030-01-02 09:04:00,53,408630074,16,7,9,2030-01-02 07:00:00,2030-01-02 20:00:00
124,moderato-caron,46,2030-01-02 09:06:00,54,503224354,16,7,13,2030-01-02 07:00:00,2030-01-02 20:00:00
125,moderato-caron,71,2030-01-02 09:08:00,55,739756772,16,7,10,2030-01-02 07:00:00,2030-01-02 20:00:00
126,moderato-caron,181,2030-01-02 09:10:00,56,2998757813,16,7,12,2030-01-02 07:00:00,2030-01-02 20:00:00
127,moderato-caron,314,2030-01-02 09:12:00,57,154518581,16,7,9,2030-01-02 07:00:00,2030-01-02 20:00:00
128,moderato-caron,137,2030-01-02 09:15:00,58,1593209605,16,7,9,2030-01-02 07:00:00,2030-01-02 20:00:00
129,moderato-caron,91,2030-01-02 09:18:00,59,943350476,16,7,9,2030-01-02 07:00:00,2030-01-02 20:00:00
130,moderato-caron,92,2030-01-02 09:20:00,60,943350478,16,7,10,2030-01-02 07:00:00,2030-01-02 20:00:00
131,moderato-caron,379,2030-01-02 09:22:00,61,263470974,16,7,14,2030-01-02 07:00:00,2030-01-02 20:00:00
132,moderato-caron,461,2030-01-02 09:24:00,62,554939990,16,7,8,2030-01-02 07:00:00,2030-01-02 20:00:00
133,moderato-caron,28,2030-01-02 09:28:00,63,358543320,16,7,9,2030-01-02 07:00:00,2030-01-02 20:00:00
134,moderato-caron,86,2030-01-02 09:30:00,64,882292497,16,7,10,2030-01-02 07:00:00,2030-01-02 20:00:00
135,moderato-caron,258,2030-01-02 09:32:00,65,9975511835,16,7,6,2030-01-02 07:00:00,2030-01-02 20:00:00
136,moderato-caron,29,2030-01-02 09:35:00,66,358543587,16,7,9,2030-01-02 07:00:00,2030-01-02 20:00:00
137,moderato-caron,78,2030-01-02 09:37:00,67,768231917,16,7,10,2030-01-02 07:00:00,2030-01-02 20:00:00
138,moderato-caron,469,2030-01-02 09:39:00,68,645050835,16,7,11,2030-01-02 07:00:00,2030-01-02 20:00:00
139,moderato-caron,186,2030-01-02 09:43:00,69,3124957096,16,7,9,2030-01-02 07:00:00,2030-01-02 20:00:00
140,moderato-caron,79,2030-01-02 09:45:00,70,768231918,16,7,10,2030-01-02 07:00:00,2030-01-02 20:00:00
141,rich-merle,111,2030-01-02 07:03:00,1,1404763943,16,7,12,2030-01-02 07:00:00,2030-01-02 20:00:00
142,rich-merle,418,2030-01-02 07:06:00,2,292692332,16,7,11,2030-01-02 07:00:00,2030-01-02 20:00:00
143,rich-merle,146,2030-01-02 07:08:00,3,2004657419,16,7,13,2030-01-02 07:00:00,2030-01-02 20:00:00
144,rich-merle,11,2030-01-02 07:10:00,4,305312829,16,7,9,2030-01-02 07:00:00,2030-01-02 20:00:00
145,rich-merle,270,2030-01-02 07:12:00,5,10765828306,16,7,11,2030-01-02 07:00:00,2030-01-02 20:00:00
146,rich-merle,410,2030-01-02 07:14:00,6,281685663,16,7,10,2030-01-02 07:00:00,2030-01-02 20:00:00
147,rich-merle,409,2030-01-02 07:16:00,7,281683058,16,7,13,2030-01-02 07:00:00,2030-01-02 20:00:00
148,rich-merle,223,2030-01-02 07:18:00,8,5367355656,16,7,7,2030-01-02 07:00:00,2030-01-02 20:00:00
149,rich-merle,4,2030-01-02 07:20:00,9,279915988,16,7,7,2030-01-02 07:00:00,2030-01-02 20:00:00
150,rich-merle,347,2030-01-02 07:23:00,10,233666288,16,7,10,2030-01-02 07:00:00,2030-01-02 20:00:00
151,rich-merle,14,2030-01-02 07:26:00,11,311099928,16,7,12,2030-01-02 07:00:00,2030-01-02 20:00:00
152,rich-merle,228,2030-01-02 07:30:00,12,5590669322,16,7,9,2030-01-02 07:00:00,2030-01-02 20:00:00
153,rich-merle,104,2030-01-02 07:33:00,13,1348370992,16,7,10,2030-01-02 07:00:00,2030-01-02 20:00:00
154,rich-merle,490,2030-01-02 07:35:00,14,696901408,16,7,12,2030-01-02 07:00:00,2030-01-02 20:00:00
155,rich-merle,489,2030-01-02 07:37:00,15,696901397,16,7,10,2030-01-02 07:00:00,2030-01-02 20:00:00
156,rich-merle,219,2030-01-02 07:39:00,16,5209264343,16,7,10,2030-01-02 07:00:00,2030-01-02 20:00:00
157,rich-merle,488,2030-01-02 07:41:00,17,696901395,16,7,10,2030-01-02 07:00:00,2030-01-02 20:00:00
158,rich-merle,346,2030-01-02 07:43:00,18,233516827,16,7,10,2030-01-02 07:00:00,2030-01-02 20:00:00
159,rich-merle,388,2030-01-02 07:45:00,19,270805425,16,7,10,2030-01-02 07:00:00,2030-01-02 20:00:00
160,rich-merle,224,2030-01-02 07:47:00,20,5373194431,16,7,13,2030-01-02 07:00:00,2030-01-02 20:00:00
161,rich-merle,87,2030-01-02 07:49:00,21,890854720,16,7,8,2030-01-02 07:00:00,2030-01-02 20:00:00
162,rich-merle,154,2030-01-02 07:51:00,22,2071381885,16,7,11,2030-01-02 07:00:00,2030-01-02 20:00:00
163,rich-merle,534,2030-01-02 07:53:00,23,1031727094,16,7,10,2030-01-02 07:00:00,2030-01-02 20:00:00
164,rich-merle,423,2030-01-02 07:56:00,24,300187149,16,7,13,2030-01-02 07:00:00,2030-01-02 20:00:00
165,rich-merle,189,2030-01-02 07:59:00,25,3158435067,16,7,13,2030-01-02 07:00:00,2030-01-02 20:00:00
166,rich-merle,524,2030-01-02 08:01:00,26,976106753,16,7,13,2030-01-02 07:00:00,2030-01-02 20:00:00
167,rich-merle,440,2030-01-02 08:04:00,27,350231324,16,7,12,2030-01-02 07:00:00,2030-01-02 20:00:00
168,rich-merle,518,2030-01-02 08:06:00,28,967985039,16,7,13,2030-01-02 07:00:00,2030-01-02 20:00:00
169,rich-merle,471,2030-01-02 08:08:00,29,656057654,16,7,12,2030-01-02 07:00:00,2030-01-02 20:00:00
170,rich-merle,519,2030-01-02 08:10:00,30,968532221,16,7,10,2030-01-02 07:00:00,2030-01-02 20:00:00
171,rich-merle,517,2030-01-02 08:13:00,31,967072208,16,7,9,2030-01-02 07:00:00,2030-01-02 20:00:00
172,rich-merle,520,2030-01-02 08:15:00,32,969321280,16,7,14,2030-01-02 07:00:00,2030-01-02 20:00:00
173,rich-merle,153,2030-01-02 08:17:00,33,2071381884,16,7,13,2030-01-02 07:00:00,2030-01-02 20:00:00
174,rich-merle,197,2030-01-02 08:20:00,34,3677080040,16,7,9,2030-01-02 07:00:00,2030-01-02 20:00:00
175,rich-merle,198,2030-01-02 08:23:00,35,3677094036,16,7,10,2030-01-02 07:00:00,2030-01-02 20:00:00
176,rich-merle,371,2030-01-02 08:25:00,36,254319894,16,7,8,2030-01-02 07:00:00,2030-01-02 20:00:00
177,rich-merle,216,2030-01-02 08:27:00,37,5073432440,16,7,11,2030-01-02 07:00:00,2030-01-02 20:00:00
178,rich-merle,73,2030-01-02 08:28:00,38,759295279,16,7,10,2030-01-02 07:00:00,2030-01-02 20:00:00
179,rich-merle,214,2030-01-02 08:30:00,39,5044580221,16,7,9,2030-01-02 07:00:00,2030-01-02 20:00:00
180,rich-merle,70,2030-01-02 08:32:00,40,725068375,16,7,12,2030-01-02 07:00:00,2030-01-02 20:00:00
181,rich-merle,301,2030-01-02 08:35:00,41,102694943,16,7,13,2030-01-02 07:00:00,2030-01-02 20:00:00
182,rich-merle,254,2030-01-02 08:37:00,42,9264108045,16,7,8,2030-01-02 07:00:00,2030-01-02 20:00:00
183,rich-merle,544,2030-01-02 08:39:00,43,1086239551,16,7,10,2030-01-02 07:00:00,2030-01-02 20:00:00
184,rich-merle,7,2030-01-02 08:41:00,44,282342105,16,7,8,2030-01-02 07:00:00,2030-01-02 20:00:00
185,rich-merle,543,2030-01-02 08:43:00,45,1086239548,16,7,10,2030-01-02 07:00:00,2030-01-02 20:00:00
186,rich-merle,12,2030-01-02 08:46:00,46,306276661,16,7,13,2030-01-02 07:00:00,2030-01-02 20:00:00
187,rich-merle,318,2030-01-02 08:48:00,47,228284413,16,7,12,2030-01-02 07:00:00,2030-01-02 20:00:00
188,rich-merle,274,2030-01-02 08:50:00,48,11030599280,16,7,10,2030-01-02 07:00:00,2030-01-02 20:00:00
189,rich-merle,68,2030-01-02 08:52:00,49,677596888,16,7,10,2030-01-02 07:00:00,2030-01-02 20:00:00
190,rich-merle,363,2030-01-02 08:55:00,50,250501870,16,7,7,2030-01-02 07:00:00,2030-01-02 20:00:00
191,rich-merle,61,2030-01-02 08:57:00,51,613230592,16,7,13,2030-01-02 07:00:00,2030-01-02 20:00:00
192,rich-merle,352,2030-01-02 08:59:00,52,233804973,16,7,9,2030-01-02 07:00:00,2030-01-02 20:00:00
193,rich-merle,293,2030-01-02 09:01:00,53,80567253,16,7,10,2030-01-02 07:00:00,2030-01-02 20:00:00
194,rich-merle,329,2030-01-02 09:04:00,54,229061165,16,7,11,2030-01-02 07:00:00,2030-01-02 20:00:00
195,rich-merle,327,2030-01-02 09:06:00,55,229061161,16,7,11,2030-01-02 07:00:00,2030-01-02 20:00:00
196,rich-merle,467,2030-01-02 09:08:00,56,619879360,16,7,11,2030-01-02 07:00:00,2030-01-02 20:00:00
197,rich-merle,334,2030-01-02 09:12:00,57,230133865,16,7,11,2030-01-02 07:00:00,2030-01-02 20:00:00
198,rich-merle,466,2030-01-02 09:14:00,58,611618541,16,7,11,2030-01-02 07:00:00,2030-01-02 20:00:00
199,rich-merle,115,2030-01-02 09:16:00,59,1423559526,16,7,12,2030-01-02 07:00:00,2030-01-02 20:00:00
200,rich-merle,397,2030-01-02 09:18:00,60,273993937,16,7,10,2030-01-02 07:00:00,2030-01-02 20:00:00
201,rich-merle,547,2030-01-02 09:20:00,61,3375611,16,7,14,2030-01-02 07:00:00,2030-01-02 20:00:00
202,rich-merle,277,2030-01-02 09:22:00,62,11522240569,16,7,9,2030-01-02 07:00:00,2030-01-02 20:00:00
203,rich-merle,384,2030-01-02 09:24:00,63,268700611,16,7,9,2030-01-02 07:00:00,2030-01-02 20:00:00
204,rich-merle,193,2030-01-02 09:26:00,64,3466369334,16,7,10,2030-01-02 07:00:00,2030-01-02 20:00:00
205,rich-merle,196,2030-01-02 09:28:00,65,3676943504,16,7,11,2030-01-02 07:00:00,2030-01-02 20:00:00
206,rich-merle,165,2030-01-02 09:30:00,66,2386542318,16,7,8,2030-01-02 07:00:00,2030-01-02 20:00:00
207,rich-merle,13,2030-01-02 09:32:00,67,310408293,16,7,10,2030-01-02 07:00:00,2030-01-02 20:00:00
208,rich-merle,282,2030-01-02 09:35:00,68,12101176582,16,7,12,2030-01-02 07:00:00,2030-01-02 20:00:00
209,woolen-cavey,331,2030-01-02 07:03:00,1,229376152,16,7,11,2030-01-02 07:00:00,2030-01-02 20:00:00
210,woolen-cavey,332,2030-01-02 07:05:00,2,229456566,16,7,11,2030-01-02 07:00:00,2030-01-02 20:00:00
211,woolen-cavey,187,2030-01-02 07:07:00,3,3125025423,16,7,13,2030-01-02 07:00:00,2030-01-02 20:00:00
212,woolen-cavey,279,2030-01-02 07:10:00,4,12035318295,16,7,9,2030-01-02 07:00:00,2030-01-02 20:00:00
213,woolen-cavey,194,2030-01-02 07:12:00,5,3470507586,16,7,12,2030-01-02 07:00:00,2030-01-02 20:00:00
214,woolen-cavey,376,2030-01-02 07:14:00,6,260307464,16,7,11,2030-01-02 07:00:00,2030-01-02 20:00:00
215,woolen-cavey,395,2030-01-02 07:16:00,7,273646173,16,7,8,2030-01-02 07:00:00,2030-01-02 20:00:00
216,woolen-cavey,241,2030-01-02 07:18:00,8,6666742585,16,7,11,2030-01-02 07:00:00,2030-01-02 20:00:00
217,woolen-cavey,88,2030-01-02 07:20:00,9,907142997,16,7,12,2030-01-02 07:00:00,2030-01-02 20:00:00
218,woolen-cavey,330,2030-01-02 07:22:00,10,229316784,16,7,13,2030-01-02 07:00:00,2030-01-02 20:00:00
219,woolen-cavey,230,2030-01-02 07:24:00,11,5729185009,16,7,10,2030-01-02 07:00:00,2030-01-02 20:00:00
220,woolen-cavey,45,2030-01-02 07:26:00,12,503224346,16,7,11,2030-01-02 07:00:00,2030-01-02 20:00:00
221,woolen-cavey,442,2030-01-02 07:28:00,13,351409390,16,7,10,2030-01-02 07:00:00,2030-01-02 20:00:00
222,woolen-cavey,77,2030-01-02 07:30:00,14,768231205,16,7,10,2030-01-02 07:00:00,2030-01-02 20:00:00
223,woolen-cavey,253,2030-01-02 07:32:00,15,9238631400,16,7,11,2030-01-02 07:00:00,2030-01-02 20:00:00
224,woolen-cavey,398,2030-01-02 07:34:00,16,275159990,16,7,10,2030-01-02 07:00:00,2030-01-02 20:00:00
225,woolen-cavey,377,2030-01-02 07:36:00,17,261269400,16,7,9,2030-01-02 07:00:00,2030-01-02 20:00:00
226,woolen-cavey,338,2030-01-02 07:38:00,18,230567953,16,7,8,2030-01-02 07:00:00,2030-01-02 20:00:00
227,woolen-cavey,336,2030-01-02 07:40:00,19,230357177,16,7,11,2030-01-02 07:00:00,2030-01-02 20:00:00
228,woolen-cavey,217,2030-01-02 07:42:00,20,5155648422,16,7,9,2030-01-02 07:00:00,2030-01-02 20:00:00
229,woolen-cavey,229,2030-01-02 07:44:00,21,5678239622,16,7,8,2030-01-02 07:00:00,2030-01-02 20:00:00
230,woolen-cavey,177,2030-01-02 07:46:00,22,2940313238,16,7,9,2030-01-02 07:00:00,2030-01-02 20:00:00
231,woolen-cavey,75,2030-01-02 07:48:00,23,768231201,16,7,12,2030-01-02 07:00:00,2030-01-02 20:00:00
232,woolen-cavey,235,2030-01-02 07:50:00,24,6245890989,16,7,12,2030-01-02 07:00:00,2030-01-02 20:00:00
233,woolen-cavey,339,2030-01-02 07:52:00,25,230567954,16,7,11,2030-01-02 07:00:00,2030-01-02 20:00:00
234,woolen-cavey,359,2030-01-02 07:54:00,26,249263084,16,7,8,2030-01-02 07:00:00,2030-01-02 20:00:00
235,woolen-cavey,393,2030-01-02 07:56:00,27,273202992,16,7,9,2030-01-02 07:00:00,2030-01-02 20:00:00
236,woolen-cavey,337,2030-01-02 07:58:00,28,230566047,16,7,9,2030-01-02 07:00:00,2030-01-02 20:00:00
237,woolen-cavey,381,2030-01-02 08:00:00,29,264741791,16,7,13,2030-01-02 07:00:00,2030-01-02 20:00:00
238,woolen-cavey,74,2030-01-02 08:02:00,30,768231200,16,7,11,2030-01-02 07:00:00,2030-01-02 20:00:00
239,woolen-cavey,281,2030-01-02 08:04:00,31,12087084525,16,7,10,2030-01-02 07:00:00,2030-01-02 20:00:00
240,woolen-cavey,56,2030-01-02 08:06:00,32,583411333,16,7,10,2030-01-02 07:00:00,2030-01-02 20:00:00
241,woolen-cavey,30,2030-01-02 08:08:00,33,367411336,16,7,11,2030-01-02 07:00:00,2030-01-02 20:00:00
242,woolen-cavey,180,2030-01-02 08:10:00,34,2997549697,16,7,12,2030-01-02 07:00:00,2030-01-02 20:00:00
243,woolen-cavey,460,2030-01-02 08:12:00,35,549576988,16,7,11,2030-01-02 07:00:00,2030-01-02 20:00:00
244,woolen-cavey,396,2030-01-02 08:14:00,36,273652089,16,7,7,2030-01-02 07:00:00,2030-01-02 20:00:00
245,woolen-cavey,173,2030-01-02 08:16:00,37,2859655009,16,7,11,2030-01-02 07:00:00,2030-01-02 20:00:00
246,woolen-cavey,366,2030-01-02 08:18:00,38,251194993,16,7,10,2030-01-02 07:00:00,2030-01-02 20:00:00
247,woolen-cavey,457,2030-01-02 08:20:00,39,517592734,16,7,11,2030-01-02 07:00:00,2030-01-02 20:00:00
248,woolen-cavey,167,2030-01-02 08:22:00,40,2419699840,16,7,11,2030-01-02 07:00:00,2030-01-02 20:00:00
249,woolen-cavey,39,2030-01-02 08:24:00,41,467744860,16,7,11,2030-01-02 07:00:00,2030-01-02 20:00:00
250,woolen-cavey,208,2030-01-02 08:26:00,42,4383657305,16,7,8,2030-01-02 07:00:00,2030-01-02 20:00:00
251,woolen-cavey,50,2030-01-02 08:28:00,43,559485123,16,7,10,2030-01-02 07:00:00,2030-01-02 20:00:00
252,woolen-cavey,408,2030-01-02 08:30:00,44,281669751,16,7,9,2030-01-02 07:00:00,2030-01-02 20:00:00
253,woolen-cavey,360,2030-01-02 08:32:00,45,249268180,16,7,13,2030-01-02 07:00:00,2030-01-02 20:00:00
254,woolen-cavey,326,2030-01-02 08:34:00,46,228968686,16,7,10,2030-01-02 07:00:00,2030-01-02 20:00:00
255,woolen-cavey,325,2030-01-02 08:36:00,47,228968680,16,7,12,2030-01-02 07:00:00,2030-01-02 20:00:00
256,woolen-cavey,99,2030-01-02 08:38:00,48,1300613610,16,7,12,2030-01-02 07:00:00,2030-01-02 20:00:00
257,woolen-cavey,394,2030-01-02 08:40:00,49,273520544,16,7,12,2030-01-02 07:00:00,2030-01-02 20:00:00
258,woolen-cavey,383,2030-01-02 08:42:00,50,268687348,16,7,10,2030-01-02 07:00:00,2030-01-02 20:00:00
259,woolen-cavey,480,2030-01-02 08:44:00,51,668344583,16,7,8,2030-01-02 07:00:00,2030-01-02 20:00:00
260,woolen-cavey,468,2030-01-02 08:47:00,52,619884575,16,7,12,2030-01-02 07:00:00,2030-01-02 20:00:00
261,woolen-cavey,116,2030-01-02 08:49:00,53,1423559556,16,7,10,2030-01-02 07:00:00,2030-01-02 20:00:00
262,woolen-cavey,159,2030-01-02 08:51:00,54,2175861132,16,7,10,2030-01-02 07:00:00,2030-01-02 20:00:00
263,woolen-cavey,192,2030-01-02 08:53:00,55,3315487523,16,7,12,2030-01-02 07:00:00,2030-01-02 20:00:00
264,woolen-cavey,160,2030-01-02 08:55:00,56,2349855098,16,7,9,2030-01-02 07:00:00,2030-01-02 20:00:00
265,woolen-cavey,57,2030-01-02 08:57:00,57,583412899,16,7,12,2030-01-02 07:00:00,2030-01-02 20:00:00
266,woolen-cavey,102,2030-01-02 09:00:00,58,1326745948,16,7,10,2030-01-02 07:00:00,2030-01-02 20:00:00
267,woolen-cavey,222,2030-01-02 09:02:00,59,5362108727,16,7,11,2030-01-02 07:00:00,2030-01-02 20:00:00
268,woolen-cavey,95,2030-01-02 09:04:00,60,1146292428,16,7,10,2030-01-02 07:00:00,2030-01-02 20:00:00
269,woolen-cavey,96,2030-01-02 09:06:00,61,1146292447,16,7,7,2030-01-02 07:00:00,2030-01-02 20:00:00
270,woolen-cavey,411,2030-01-02 09:08:00,62,281772553,16,7,9,2030-01-02 07:00:00,2030-01-02 20:00:00
271,woolen-cavey,412,2030-01-02 09:10:00,63,281772561,16,7,9,2030-01-02 07:00:00,2030-01-02 20:00:00
272,woolen-cavey,89,2030-01-02 09:12:00,64,911170200,16,7,9,2030-01-02 07:00:00,2030-01-02 20:00:00
273,woolen-cavey,313,2030-01-02 09:14:00,65,154508547,16,7,12,2030-01-02 07:00:00,2030-01-02 20:00:00
274,woolen-cavey,312,2030-01-02 09:16:00,66,154508544,16,7,11,2030-01-02 07:00:00,2030-01-02 20:00:00
275,woolen-cavey,441,2030-01-02 09:18:00,67,350588958,16,7,13,2030-01-02 07:00:00,2030-01-02 20:00:00
276,woolen-cavey,231,2030-01-02 09:21:00,68,5759625992,16,7,10,2030-01-02 07:00:00,2030-01-02 20:00:00
277,woolen-cavey,6,2030-01-02 09:23:00,69,280958210,16,7,10,2030-01-02 07:00:00,2030-01-02 20:00:00
278,woolen-cavey,260,2030-01-02 09:25:00,70,10004624748,16,7,11,2030-01-02 07:00:00,2030-01-02 20:00:00
279,woolen-cavey,129,2030-01-02 09:30:00,71,1521409481,16,7,10,2030-01-02 07:00:00,2030-01-02 20:00:00
378,worn-legrand,430,2030-01-02 07:06:00,1,310822756,16,7,14,2030-01-02 07:00:00,2030-01-02 20:00:00
379,worn-legrand,182,2030-01-02 07:09:00,2,3005899379,16,7,11,2030-01-02 07:00:00,2030-01-02 20:00:00
380,worn-legrand,454,2030-01-02 07:11:00,3,422874523,16,7,9,2030-01-02 07:00:00,2030-01-02 20:00:00
381,worn-legrand,31,2030-01-02 07:13:00,4,415802976,16,7,12,2030-01-02 07:00:00,2030-01-02 20:00:00
382,worn-legrand,51,2030-01-02 07:17:00,5,560602898,16,7,8,2030-01-02 07:00:00,2030-01-02 20:00:00
383,worn-legrand,220,2030-01-02 07:19:00,6,5245064896,16,7,10,2030-01-02 07:00:00,2030-01-02 20:00:00
384,worn-legrand,94,2030-01-02 07:21:00,7,1030106427,16,7,12,2030-01-02 07:00:00,2030-01-02 20:00:00
385,worn-legrand,185,2030-01-02 07:23:00,8,3040139014,16,7,11,2030-01-02 07:00:00,2030-01-02 20:00:00
386,worn-legrand,504,2030-01-02 07:25:00,9,931201803,16,7,10,2030-01-02 07:00:00,2030-01-02 20:00:00
387,worn-legrand,184,2030-01-02 07:27:00,10,3040092718,16,7,10,2030-01-02 07:00:00,2030-01-02 20:00:00
388,worn-legrand,175,2030-01-02 07:29:00,11,2885369320,16,7,11,2030-01-02 07:00:00,2030-01-02 20:00:00
389,worn-legrand,90,2030-01-02 07:31:00,12,932249376,16,7,8,2030-01-02 07:00:00,2030-01-02 20:00:00
390,worn-legrand,391,2030-01-02 07:33:00,13,271450113,16,7,13,2030-01-02 07:00:00,2030-01-02 20:00:00
391,worn-legrand,53,2030-01-02 07:35:00,14,564399648,16,7,15,2030-01-02 07:00:00,2030-01-02 20:00:00
392,worn-legrand,3,2030-01-02 07:38:00,15,279464425,16,7,11,2030-01-02 07:00:00,2030-01-02 20:00:00
393,worn-legrand,34,2030-01-02 07:41:00,16,446783419,16,7,9,2030-01-02 07:00:00,2030-01-02 20:00:00
394,worn-legrand,101,2030-01-02 07:43:00,17,1326745943,16,7,11,2030-01-02 07:00:00,2030-01-02 20:00:00
395,worn-legrand,375,2030-01-02 07:51:00,18,258651047,16,7,11,2030-01-02 07:00:00,2030-01-02 20:00:00
396,worn-legrand,361,2030-01-02 07:54:00,19,250107541,16,7,13,2030-01-02 07:00:00,2030-01-02 20:00:00
397,worn-legrand,344,2030-01-02 07:56:00,20,233243884,16,7,9,2030-01-02 07:00:00,2030-01-02 20:00:00
398,worn-legrand,156,2030-01-02 07:58:00,21,2127757454,16,7,9,2030-01-02 07:00:00,2030-01-02 20:00:00
399,worn-legrand,298,2030-01-02 08:03:00,22,96196917,16,7,9,2030-01-02 07:00:00,2030-01-02 20:00:00
400,worn-legrand,295,2030-01-02 08:05:00,23,84017579,16,7,11,2030-01-02 07:00:00,2030-01-02 20:00:00
401,worn-legrand,294,2030-01-02 08:07:00,24,80580032,16,7,13,2030-01-02 07:00:00,2030-01-02 20:00:00
402,worn-legrand,267,2030-01-02 08:11:00,25,10568217814,16,7,10,2030-01-02 07:00:00,2030-01-02 20:00:00
403,worn-legrand,309,2030-01-02 08:20:00,26,129774681,16,7,10,2030-01-02 07:00:00,2030-01-02 20:00:00
404,worn-legrand,458,2030-01-02 08:22:00,27,530407774,16,7,11,2030-01-02 07:00:00,2030-01-02 20:00:00
